[{"tel":"110"},{"tel":"111"},{"tel":"112"},{"tel":"113"},{"tel":"114"},{"tel":"115"},{"tel":"116"},{"tel":"117"},{"tel":"118"},{"tel":"119"},{"tel":"120"},{"tel":"121"},{"tel":"122"},{"tel":"10000"},{"tel":"10010"},{"tel":"10011"},{"tel":"10050"},{"tel":"10064"},{"tel":"10070"},{"tel":"10086"},{"tel":"1008611"},{"tel":"10101010"},{"tel":"10105050"},{"tel":"10105858"},{"tel":"11183"},{"tel":"12110"},{"tel":"12306"},{"tel":"12395"},{"tel":"12580"},{"tel":"17900"},{"tel":"17910"},{"tel":"17950"},{"tel":"17990"},{"tel":"999"},{"tel":"12319"},{"tel":"12320"},{"tel":"12351"},{"tel":"12398"},{"tel":"12377"},{"tel":"12318"},{"tel":"12312"},{"tel":"12390"},{"tel":"12315"},{"tel":"12358"},{"tel":"12369"},{"tel":"12380"},{"tel":"12333"},{"tel":"12336"},{"tel":"12388"},{"tel":"12348"},{"tel":"12309"},{"tel":"12365"},{"tel":"160111500"},{"tel":"12306"},{"tel":"118318"},{"tel":"16840099"},{"tel":"16840999"},{"tel":"12319"},{"tel":"12117"},{"tel":"12121"},{"tel":"12301"},{"tel":"12110"},{"tel":"12395"},{"tel":"12320"},{"tel":"12366"},{"tel":"116311"},{"tel":"12320"},{"tel":"12368"},{"tel":"12351"},{"tel":"10109998"},{"tel":"12319"},{"tel":"12355"},{"tel":"12395"},{"tel":"12366"},{"tel":"12355"},{"tel":"12361"},{"tel":"16838198"},{"tel":"12338"},{"tel":"12333"},{"tel":"11185"},{"tel":"12310"},{"tel":"12345"},{"tel":"12313"},{"tel":"16840099"},{"tel":"16883456"},{"tel":"12366"}]